32.40208333333333,75.40208333333334,324.4132
32.40208333333333,75.50208333333333,375.99054
32.40208333333333,75.60208333333334,488.11746
32.40208333333333,75.70208333333333,383.07684
32.40208333333333,75.80208333333333,725.9645
32.40208333333333,75.90208333333334,636.91766
32.40208333333333,76.00208333333333,880.60095
32.40208333333333,76.10208333333334,2266.0466
32.40208333333333,76.20208333333333,3311.6433
32.40208333333333,76.30208333333333,2734.7852
32.40208333333333,76.40208333333334,2484.4875
32.40208333333333,76.50208333333333,2346.2507
32.40208333333333,76.60208333333334,4037.6167
32.40208333333333,76.70208333333333,4170.5728
32.40208333333333,76.80208333333333,5009.8564
32.40208333333333,76.90208333333334,4410.0674
32.40208333333333,77.00208333333333,4613.767
32.40208333333333,77.10208333333334,4483.7573
32.40208333333333,77.20208333333333,4875.818
32.40208333333333,77.30208333333333,4093.9395
32.40208333333333,77.40208333333334,5217.4233
32.40208333333333,77.50208333333333,4818.5312
32.40208333333333,77.60208333333334,4357.8833
32.40208333333333,77.70208333333333,5359.4473
32.40208333333333,77.80208333333333,5213.496
32.40208333333333,77.90208333333334,5077.3433
32.40208333333333,78.00208333333333,4777.373
32.40208333333333,78.10208333333334,5593.327
32.40208333333333,78.20208333333333,5808.403
32.40208333333333,78.30208333333333,4968.606
32.40208333333333,78.40208333333334,4912.8643
32.40208333333333,78.50208333333333,4977.8696
32.40208333333333,78.60208333333334,5187.551
32.40208333333333,78.70208333333333,4993.522
32.40208333333333,78.80208333333333,5266.554
32.40208333333333,78.90208333333334,5590.797
32.40208333333333,79.00208333333333,5431.9087
32.40208333333333,79.10208333333333,5771.1543
32.40208333333333,79.20208333333333,5280.5317
32.40208333333333,79.30208333333333,4762.676
32.40208333333333,79.40208333333334,5566.658
32.40208333333333,79.50208333333333,5740.2417
32.40208333333333,79.60208333333333,5785.1343
32.50208333333333,75.40208333333334,566.2902
32.50208333333333,75.50208333333333,735.5012
32.50208333333333,75.60208333333334,835.4755
32.50208333333333,75.70208333333333,517.5
32.50208333333333,75.80208333333333,555.08997
32.50208333333333,75.90208333333334,817.9996
32.50208333333333,76.00208333333333,2288.2341
32.50208333333333,76.10208333333334,1996.4692
32.50208333333333,76.20208333333333,2178.3635
32.50208333333333,76.30208333333333,2676.6216
32.50208333333333,76.40208333333334,3332.3635
32.50208333333333,76.50208333333333,2635.0967
32.50208333333333,76.60208333333334,3754.5095
32.50208333333333,76.70208333333333,3950.8853
32.50208333333333,76.80208333333333,4114.1597
32.50208333333333,76.90208333333334,4563.0664
32.50208333333333,77.00208333333333,3000.9202
32.50208333333333,77.10208333333334,3738.8796
32.50208333333333,77.20208333333333,5003.2656
32.50208333333333,77.30208333333333,4382.5913
32.50208333333333,77.40208333333334,5359.778
32.50208333333333,77.50208333333333,4553.0186
32.50208333333333,77.60208333333334,4294.318
32.50208333333333,77.70208333333333,5432.092
32.50208333333333,77.80208333333333,5450.6606
32.50208333333333,77.90208333333334,5636.6772
32.50208333333333,78.00208333333333,5331.818
32.50208333333333,78.10208333333334,5268.7207
32.50208333333333,78.20208333333333,5207.12
32.50208333333333,78.30208333333333,5805.1855
32.50208333333333,78.40208333333334,5535.6333
32.50208333333333,78.50208333333333,5648.529
32.50208333333333,78.60208333333334,4565.7417
32.50208333333333,78.70208333333333,5494.808
32.50208333333333,78.80208333333333,5120.6045
32.50208333333333,78.90208333333334,5350.3027
32.50208333333333,79.00208333333333,4876.5513
32.50208333333333,79.10208333333333,5779.681
32.50208333333333,79.20208333333333,5672.707
32.50208333333333,79.30208333333333,5380.9917
32.50208333333333,79.40208333333334,5189.044
32.50208333333333,79.50208333333333,5696.0293
32.50208333333333,79.60208333333333,4569.057
32.60208333333333,75.40208333333334,848.70483
32.60208333333333,75.50208333333333,604.4334
32.60208333333333,75.60208333333334,681.73816
32.60208333333333,75.70208333333333,918.85876
32.60208333333333,75.80208333333333,900.5689
32.60208333333333,75.90208333333334,572.0592
32.60208333333333,76.00208333333333,832.2907
32.60208333333333,76.10208333333334,855.04285
32.60208333333333,76.20208333333333,1500.544
32.60208333333333,76.30208333333333,2210.0688
32.60208333333333,76.40208333333334,4335.734
32.60208333333333,76.50208333333333,2886.4414
32.60208333333333,76.60208333333334,5288.9243
32.60208333333333,76.70208333333333,4609.008
32.60208333333333,76.80208333333333,3869.3918
32.60208333333333,76.90208333333334,3752.8142
32.60208333333333,77.00208333333333,4244.508
32.60208333333333,77.10208333333334,4615.3154
32.60208333333333,77.20208333333333,4864.783
32.60208333333333,77.30208333333333,4143.0903
32.60208333333333,77.40208333333334,5567.881
32.60208333333333,77.50208333333333,4348.9883
32.60208333333333,77.60208333333334,5011.15
32.60208333333333,77.70208333333333,4712.3477
32.60208333333333,77.80208333333333,5448.964
32.60208333333333,77.90208333333334,5773.2197
32.60208333333333,78.00208333333333,5292.9146
32.60208333333333,78.10208333333334,5877.135
32.60208333333333,78.20208333333333,5034.2617
32.60208333333333,78.30208333333333,4875.601
32.60208333333333,78.40208333333334,5112.4785
32.60208333333333,78.50208333333333,4730.593
32.60208333333333,78.60208333333334,4926.7524
32.60208333333333,78.70208333333333,5056.8438
32.60208333333333,78.80208333333333,5063.0684
32.60208333333333,78.90208333333334,4932.848
32.60208333333333,79.00208333333333,4856.5996
32.60208333333333,79.10208333333333,5290.0596
32.60208333333333,79.20208333333333,5077.316
32.60208333333333,79.30208333333333,5980.4663
32.60208333333333,79.40208333333334,4920.267
32.60208333333333,79.50208333333333,5096.578
32.60208333333333,79.60208333333333,4377.178
32.702083333333334,75.40208333333334,1218.2194
32.702083333333334,75.50208333333333,1145.2056
32.702083333333334,75.60208333333334,1688.1321
32.702083333333334,75.70208333333333,2093.0376
32.702083333333334,75.80208333333333,1567.4498
32.702083333333334,75.90208333333334,1455.9888
32.702083333333334,76.00208333333333,1754.9891
32.702083333333334,76.10208333333334,1356.2438
32.702083333333334,76.20208333333333,2588.664
32.702083333333334,76.30208333333333,2327.5554
32.702083333333334,76.40208333333334,3950.5776
32.702083333333334,76.50208333333333,3388.3943
32.702083333333334,76.60208333333334,4206.151
32.702083333333334,76.70208333333333,3346.422
32.702083333333334,76.80208333333333,3709.6384
32.702083333333334,76.90208333333334,5687.8994
32.702083333333334,77.00208333333333,4934.1113
32.702083333333334,77.10208333333334,5110.765
32.702083333333334,77.20208333333333,4576.6787
32.702083333333334,77.30208333333333,4641.1963
32.702083333333334,77.40208333333334,5398.6265
32.702083333333334,77.50208333333333,5407.9697
32.702083333333334,77.60208333333334,5776.1763
32.702083333333334,77.70208333333333,5280.942
32.702083333333334,77.80208333333333,5766.8423
32.702083333333334,77.90208333333334,5230.6094
32.702083333333334,78.00208333333333,5341.5815
32.702083333333334,78.10208333333334,5034.1787
32.702083333333334,78.20208333333333,5065.121
32.702083333333334,78.30208333333333,5346.583
32.702083333333334,78.40208333333334,5323.9795
32.702083333333334,78.50208333333333,4437.869
32.702083333333334,78.60208333333334,4875.84
32.702083333333334,78.70208333333333,5939.739
32.702083333333334,78.80208333333333,5779.7817
32.702083333333334,78.90208333333334,4617.2246
32.702083333333334,79.00208333333333,4582.4175
32.702083333333334,79.10208333333333,5506.8516
32.702083333333334,79.20208333333333,5393.364
32.702083333333334,79.30208333333333,5503.5557
32.702083333333334,79.40208333333334,4819.297
32.702083333333334,79.50208333333333,5295.1743
32.702083333333334,79.60208333333333,4523.509
32.802083333333336,75.40208333333334,1171.8127
32.802083333333336,75.50208333333333,1872.2312
32.802083333333336,75.60208333333334,2015.9598
32.802083333333336,75.70208333333333,3498.044
32.802083333333336,75.80208333333333,2130.5828
32.802083333333336,75.90208333333334,2284.5227
32.802083333333336,76.00208333333333,3106.7676
32.802083333333336,76.10208333333334,2342.9182
32.802083333333336,76.20208333333333,2132.1855
32.802083333333336,76.30208333333333,3459.5605
32.802083333333336,76.40208333333334,3504.012
32.802083333333336,76.50208333333333,5169.1206
32.802083333333336,76.60208333333334,4278.5205
32.802083333333336,76.70208333333333,4219.0415
32.802083333333336,76.80208333333333,4994.0503
32.802083333333336,76.90208333333334,5056.558
32.802083333333336,77.00208333333333,5244.393
32.802083333333336,77.10208333333334,4404.6294
32.802083333333336,77.20208333333333,5789.338
32.802083333333336,77.30208333333333,4600.952
32.802083333333336,77.40208333333334,5284.3853
32.802083333333336,77.50208333333333,5229.64
32.802083333333336,77.60208333333334,5160.561
32.802083333333336,77.70208333333333,4707.183
32.802083333333336,77.80208333333333,4647.6943
32.802083333333336,77.90208333333334,5232.8643
32.802083333333336,78.00208333333333,4832.8643
32.802083333333336,78.10208333333334,4842.675
32.802083333333336,78.20208333333333,4643.42
32.802083333333336,78.30208333333333,4526.633
32.802083333333336,78.40208333333334,4942.8486
32.802083333333336,78.50208333333333,4555.1396
32.802083333333336,78.60208333333334,4688.522
32.802083333333336,78.70208333333333,5329.771
32.802083333333336,78.80208333333333,4555.406
32.802083333333336,78.90208333333334,4439.885
32.802083333333336,79.00208333333333,4262.7017
32.802083333333336,79.10208333333333,5757.963
32.802083333333336,79.20208333333333,4865.364
32.802083333333336,79.30208333333333,4667.272
32.802083333333336,79.40208333333334,4732.8174
32.802083333333336,79.50208333333333,5053.4546
32.802083333333336,79.60208333333333,4578.114
32.90208333333333,75.40208333333334,2039.0846
32.90208333333333,75.50208333333333,2121.5154
32.90208333333333,75.60208333333334,2887.062
32.90208333333333,75.70208333333333,3103.0386
32.90208333333333,75.80208333333333,3017.794
32.90208333333333,75.90208333333334,3252.0417
32.90208333333333,76.00208333333333,3453.084
32.90208333333333,76.10208333333334,2052.623
32.90208333333333,76.20208333333333,2089.9578
32.90208333333333,76.30208333333333,3349.4358
32.90208333333333,76.40208333333334,4162.922
32.90208333333333,76.50208333333333,3905.219
32.90208333333333,76.60208333333334,4924.926
32.90208333333333,76.70208333333333,5040.315
32.90208333333333,76.80208333333333,5126.7744
32.90208333333333,76.90208333333334,3877.2778
32.90208333333333,77.00208333333333,4789.355
32.90208333333333,77.10208333333334,5106.1025
32.90208333333333,77.20208333333333,5005.304
32.90208333333333,77.30208333333333,5201.823
32.90208333333333,77.40208333333334,5758.839
32.90208333333333,77.50208333333333,4681.81
32.90208333333333,77.60208333333334,4989.6953
32.90208333333333,77.70208333333333,4404.149
32.90208333333333,77.80208333333333,5401.951
32.90208333333333,77.90208333333334,5290.1196
32.90208333333333,78.00208333333333,5168.83
32.90208333333333,78.10208333333334,4811.1606
32.90208333333333,78.20208333333333,5800.538
32.90208333333333,78.30208333333333,4520.5
32.90208333333333,78.40208333333334,5177.4395
32.90208333333333,78.50208333333333,5532.9365
32.90208333333333,78.60208333333334,5062.9355
32.90208333333333,78.70208333333333,4945.9985
32.90208333333333,78.80208333333333,5155.427
32.90208333333333,78.90208333333334,4250.6025
32.90208333333333,79.00208333333333,4812.5737
32.90208333333333,79.10208333333333,5591.718
32.90208333333333,79.20208333333333,4209.6616
32.90208333333333,79.30208333333333,4231.987
32.90208333333333,79.40208333333334,4603.446
32.90208333333333,79.50208333333333,4457.7793
32.90208333333333,79.60208333333333,4438.1333
33.00208333333333,75.40208333333334,2421.7786
33.00208333333333,75.50208333333333,2100.334
33.00208333333333,75.60208333333334,2018.0251
33.00208333333333,75.70208333333333,1483.7032
33.00208333333333,75.80208333333333,2722.6917
33.00208333333333,75.90208333333334,2020.5198
33.00208333333333,76.00208333333333,2868.655
33.00208333333333,76.10208333333334,3951.9583
33.00208333333333,76.20208333333333,3651.228
33.00208333333333,76.30208333333333,3763.3538
33.00208333333333,76.40208333333334,4034.7512
33.00208333333333,76.50208333333333,3130.8828
33.00208333333333,76.60208333333334,3514.7654
33.00208333333333,76.70208333333333,4032.819
33.00208333333333,76.80208333333333,5129.8013
33.00208333333333,76.90208333333334,5071.025
33.00208333333333,77.00208333333333,5395.007
33.00208333333333,77.10208333333334,4919.142
33.00208333333333,77.20208333333333,5026.1655
33.00208333333333,77.30208333333333,5417.3184
33.00208333333333,77.40208333333334,4696.709
33.00208333333333,77.50208333333333,5082.743
33.00208333333333,77.60208333333334,4322.89
33.00208333333333,77.70208333333333,5034.5464
33.00208333333333,77.80208333333333,4726.002
33.00208333333333,77.90208333333334,5093.038
33.00208333333333,78.00208333333333,4872.209
33.00208333333333,78.10208333333334,5813.0347
33.00208333333333,78.20208333333333,4993.9976
33.00208333333333,78.30208333333333,4520.5
33.00208333333333,78.40208333333334,5590.9575
33.00208333333333,78.50208333333333,6238.8916
33.00208333333333,78.60208333333334,4991.0566
33.00208333333333,78.70208333333333,4393.299
33.00208333333333,78.80208333333333,4654.623
33.00208333333333,78.90208333333334,4260.5405
33.00208333333333,79.00208333333333,5251.829
33.00208333333333,79.10208333333333,4618.3906
33.00208333333333,79.20208333333333,4183.436
33.00208333333333,79.30208333333333,4880.4263
33.00208333333333,79.40208333333334,4611.9272
33.00208333333333,79.50208333333333,5066.59
33.00208333333333,79.60208333333333,5574.574
33.10208333333333,75.40208333333334,1305.3931
33.10208333333333,75.50208333333333,2397.1614
33.10208333333333,75.60208333333334,1753.4941
33.10208333333333,75.70208333333333,1565.0182
33.10208333333333,75.80208333333333,2203.257
33.10208333333333,75.90208333333334,2097.8135
33.10208333333333,76.00208333333333,2277.9922
33.10208333333333,76.10208333333334,4084.596
33.10208333333333,76.20208333333333,4589.4536
33.10208333333333,76.30208333333333,3986.185
33.10208333333333,76.40208333333334,3266.9587
33.10208333333333,76.50208333333333,3961.197
33.10208333333333,76.60208333333334,4799.758
33.10208333333333,76.70208333333333,4921.2646
33.10208333333333,76.80208333333333,5077.9854
33.10208333333333,76.90208333333334,5632.3457
33.10208333333333,77.00208333333333,5760.002
33.10208333333333,77.10208333333334,5150.7207
33.10208333333333,77.20208333333333,4386.089
33.10208333333333,77.30208333333333,5037.1025
33.10208333333333,77.40208333333334,5062.2837
33.10208333333333,77.50208333333333,4902.6514
33.10208333333333,77.60208333333334,5428.8076
33.10208333333333,77.70208333333333,5015.6943
33.10208333333333,77.80208333333333,4816.647
33.10208333333333,77.90208333333334,4889.9736
33.10208333333333,78.00208333333333,5848.741
33.10208333333333,78.10208333333334,5247.081
33.10208333333333,78.20208333333333,5163.6436
33.10208333333333,78.30208333333333,4673.0
33.10208333333333,78.40208333333334,5631.812
33.10208333333333,78.50208333333333,5067.474
33.10208333333333,78.60208333333334,4807.848
33.10208333333333,78.70208333333333,4218.596
33.10208333333333,78.80208333333333,4369.346
33.10208333333333,78.90208333333334,5217.963
33.10208333333333,79.00208333333333,4884.463
33.10208333333333,79.10208333333333,4153.827
33.10208333333333,79.20208333333333,4425.016
33.10208333333333,79.30208333333333,5072.8716
33.10208333333333,79.40208333333334,5708.7466
33.10208333333333,79.50208333333333,5524.697
33.10208333333333,79.60208333333333,5341.59
33.202083333333334,75.40208333333334,2727.793
33.202083333333334,75.50208333333333,2165.2014
33.202083333333334,75.60208333333334,2406.3877
33.202083333333334,75.70208333333333,2559.9338
33.202083333333334,75.80208333333333,1314.2097
33.202083333333334,75.90208333333334,3350.999
33.202083333333334,76.00208333333333,4106.678
33.202083333333334,76.10208333333334,3981.1243
33.202083333333334,76.20208333333333,2822.845
33.202083333333334,76.30208333333333,4469.5303
33.202083333333334,76.40208333333334,3778.818
33.202083333333334,76.50208333333333,4659.463
33.202083333333334,76.60208333333334,5178.304
33.202083333333334,76.70208333333333,4351.7075
33.202083333333334,76.80208333333333,5727.1543
33.202083333333334,76.90208333333334,5137.1743
33.202083333333334,77.00208333333333,5076.331
33.202083333333334,77.10208333333334,4849.6646
33.202083333333334,77.20208333333333,5248.242
33.202083333333334,77.30208333333333,4632.49
33.202083333333334,77.40208333333334,4181.3706
33.202083333333334,77.50208333333333,4683.1147
33.202083333333334,77.60208333333334,4917.292
33.202083333333334,77.70208333333333,4589.422
33.202083333333334,77.80208333333333,4707.2603
33.202083333333334,77.90208333333334,4946.9097
33.202083333333334,78.00208333333333,4943.3457
33.202083333333334,78.10208333333334,5238.7217
33.202083333333334,78.20208333333333,5719.755
33.202083333333334,78.30208333333333,4768.754
33.202083333333334,78.40208333333334,4718.638
33.202083333333334,78.50208333333333,5082.3516
33.202083333333334,78.60208333333334,4186.555
33.202083333333334,78.70208333333333,4216.991
33.202083333333334,78.80208333333333,5083.484
33.202083333333334,78.90208333333334,4144.225
33.202083333333334,79.00208333333333,4232.0205
33.202083333333334,79.10208333333333,5853.487
33.202083333333334,79.20208333333333,5924.753
33.202083333333334,79.30208333333333,5822.414
33.202083333333334,79.40208333333334,5663.844
33.202083333333334,79.50208333333333,5941.8804
33.202083333333334,79.60208333333333,5298.5034
33.302083333333336,75.40208333333334,2978.4114
33.302083333333336,75.50208333333333,2328.3213
33.302083333333336,75.60208333333334,3390.3662
33.302083333333336,75.70208333333333,2471.0918
33.302083333333336,75.80208333333333,1879.5898
33.302083333333336,75.90208333333334,3049.8394
33.302083333333336,76.00208333333333,2927.445
33.302083333333336,76.10208333333334,2329.3684
33.302083333333336,76.20208333333333,2347.5747
33.302083333333336,76.30208333333333,5045.8174
33.302083333333336,76.40208333333334,5019.362
33.302083333333336,76.50208333333333,3609.706
33.302083333333336,76.60208333333334,5111.4487
33.302083333333336,76.70208333333333,5287.666
33.302083333333336,76.80208333333333,4962.183
33.302083333333336,76.90208333333334,5348.1284
33.302083333333336,77.00208333333333,3811.482
33.302083333333336,77.10208333333334,5332.752
33.302083333333336,77.20208333333333,3907.773
33.302083333333336,77.30208333333333,5012.7363
33.302083333333336,77.40208333333334,4804.331
33.302083333333336,77.50208333333333,5009.826
33.302083333333336,77.60208333333334,5567.0835
33.302083333333336,77.70208333333333,4674.7007
33.302083333333336,77.80208333333333,5509.8857
33.302083333333336,77.90208333333334,4853.074
33.302083333333336,78.00208333333333,4532.7476
33.302083333333336,78.10208333333334,5224.4814
33.302083333333336,78.20208333333333,6231.9956
33.302083333333336,78.30208333333333,5215.2188
33.302083333333336,78.40208333333334,4350.2964
33.302083333333336,78.50208333333333,4574.83
33.302083333333336,78.60208333333334,5609.4956
33.302083333333336,78.70208333333333,5295.7905
33.302083333333336,78.80208333333333,5838.5205
33.302083333333336,78.90208333333334,4300.608
33.302083333333336,79.00208333333333,4873.3423
33.302083333333336,79.10208333333333,5908.0786
33.302083333333336,79.20208333333333,5598.7207
33.302083333333336,79.30208333333333,5146.868
33.302083333333336,79.40208333333334,5381.032
33.302083333333336,79.50208333333333,4923.063
33.302083333333336,79.60208333333333,5516.5713
33.40208333333333,75.40208333333334,2886.5227
33.40208333333333,75.50208333333333,3481.6963
33.40208333333333,75.60208333333334,2010.8301
33.40208333333333,75.70208333333333,1332.0463
33.40208333333333,75.80208333333333,3411.4565
33.40208333333333,75.90208333333334,2921.0464
33.40208333333333,76.00208333333333,3622.807
33.40208333333333,76.10208333333334,4112.843
33.40208333333333,76.20208333333333,5206.491
33.40208333333333,76.30208333333333,3364.5583
33.40208333333333,76.40208333333334,3998.3403
33.40208333333333,76.50208333333333,4054.4749
33.40208333333333,76.60208333333334,4969.1084
33.40208333333333,76.70208333333333,5570.603
33.40208333333333,76.80208333333333,5600.668
33.40208333333333,76.90208333333334,3878.5225
33.40208333333333,77.00208333333333,4916.5957
33.40208333333333,77.10208333333334,5145.075
33.40208333333333,77.20208333333333,4242.902
33.40208333333333,77.30208333333333,5269.1597
33.40208333333333,77.40208333333334,5222.088
33.40208333333333,77.50208333333333,4862.965
33.40208333333333,77.60208333333334,5265.8633
33.40208333333333,77.70208333333333,5142.475
33.40208333333333,77.80208333333333,4606.9004
33.40208333333333,77.90208333333334,4626.2866
33.40208333333333,78.00208333333333,4613.6797
33.40208333333333,78.10208333333334,5155.293
33.40208333333333,78.20208333333333,4871.6846
33.40208333333333,78.30208333333333,5064.851
33.40208333333333,78.40208333333334,5253.128
33.40208333333333,78.50208333333333,5538.456
33.40208333333333,78.60208333333334,5798.984
33.40208333333333,78.70208333333333,5924.9497
33.40208333333333,78.80208333333333,4589.1772
33.40208333333333,78.90208333333334,5609.622
33.40208333333333,79.00208333333333,5431.9175
33.40208333333333,79.10208333333333,5356.625
33.40208333333333,79.20208333333333,4499.736
33.40208333333333,79.30208333333333,4389.988
33.40208333333333,79.40208333333334,4529.8335
33.40208333333333,79.50208333333333,4351.2803
33.40208333333333,79.60208333333333,4276.2075
33.50208333333333,75.40208333333334,2528.5146
33.50208333333333,75.50208333333333,3230.307
33.50208333333333,75.60208333333334,2187.6018
33.50208333333333,75.70208333333333,2757.3127
33.50208333333333,75.80208333333333,2515.509
33.50208333333333,75.90208333333334,2848.224
33.50208333333333,76.00208333333333,4717.424
33.50208333333333,76.10208333333334,4598.079
33.50208333333333,76.20208333333333,4995.6597
33.50208333333333,76.30208333333333,4784.9355
33.50208333333333,76.40208333333334,4204.399
33.50208333333333,76.50208333333333,5293.2627
33.50208333333333,76.60208333333334,4498.698
33.50208333333333,76.70208333333333,4850.343
33.50208333333333,76.80208333333333,3622.8416
33.50208333333333,76.90208333333334,3508.7463
33.50208333333333,77.00208333333333,4154.512
33.50208333333333,77.10208333333334,5033.518
33.50208333333333,77.20208333333333,4373.949
33.50208333333333,77.30208333333333,5069.5317
33.50208333333333,77.40208333333334,5099.02
33.50208333333333,77.50208333333333,4572.7163
33.50208333333333,77.60208333333334,5641.503
33.50208333333333,77.70208333333333,5677.87
33.50208333333333,77.80208333333333,5104.4966
33.50208333333333,77.90208333333334,5207.4507
33.50208333333333,78.00208333333333,5331.962
33.50208333333333,78.10208333333334,4476.6626
33.50208333333333,78.20208333333333,5180.606
33.50208333333333,78.30208333333333,5297.66
33.50208333333333,78.40208333333334,5549.497
33.50208333333333,78.50208333333333,5428.753
33.50208333333333,78.60208333333334,4891.6743
33.50208333333333,78.70208333333333,4885.266
33.50208333333333,78.80208333333333,5257.7744
33.50208333333333,78.90208333333334,4531.7188
33.50208333333333,79.00208333333333,4310.625
33.50208333333333,79.10208333333333,4865.0225
33.50208333333333,79.20208333333333,4788.173
33.50208333333333,79.30208333333333,5205.274
33.50208333333333,79.40208333333334,5286.5024
33.50208333333333,79.50208333333333,4805.1387
33.50208333333333,79.60208333333333,4618.613
33.60208333333333,75.40208333333334,2260.6262
33.60208333333333,75.50208333333333,3577.9028
33.60208333333333,75.60208333333334,3067.1304
33.60208333333333,75.70208333333333,2541.5835
33.60208333333333,75.80208333333333,3124.1018
33.60208333333333,75.90208333333334,3842.2656
33.60208333333333,76.00208333333333,4518.0244
33.60208333333333,76.10208333333334,4783.7197
33.60208333333333,76.20208333333333,4670.494
33.60208333333333,76.30208333333333,5107.6113
33.60208333333333,76.40208333333334,4892.873
33.60208333333333,76.50208333333333,5248.127
33.60208333333333,76.60208333333334,5676.9785
33.60208333333333,76.70208333333333,3838.143
33.60208333333333,76.80208333333333,5351.731
33.60208333333333,76.90208333333334,5203.276
33.60208333333333,77.00208333333333,3465.8916
33.60208333333333,77.10208333333334,4469.4727
33.60208333333333,77.20208333333333,5342.9126
33.60208333333333,77.30208333333333,5086.8813
33.60208333333333,77.40208333333334,4473.2856
33.60208333333333,77.50208333333333,4403.2065
33.60208333333333,77.60208333333334,5702.085
33.60208333333333,77.70208333333333,5033.7236
33.60208333333333,77.80208333333333,4540.3193
33.60208333333333,77.90208333333334,5307.501
33.60208333333333,78.00208333333333,5406.0327
33.60208333333333,78.10208333333334,5034.1504
33.60208333333333,78.20208333333333,5207.8467
33.60208333333333,78.30208333333333,5305.8467
33.60208333333333,78.40208333333334,5773.545
33.60208333333333,78.50208333333333,5015.397
33.60208333333333,78.60208333333334,4510.575
33.60208333333333,78.70208333333333,4359.3643
33.60208333333333,78.80208333333333,4737.242
33.60208333333333,78.90208333333334,5425.3867
33.60208333333333,79.00208333333333,5499.283
33.60208333333333,79.10208333333333,5124.4937
33.60208333333333,79.20208333333333,4863.3086
33.60208333333333,79.30208333333333,4842.8384
33.60208333333333,79.40208333333334,4421.6978
33.60208333333333,79.50208333333333,4658.435
33.60208333333333,79.60208333333333,4469.284
33.702083333333334,75.40208333333334,2596.592
33.702083333333334,75.50208333333333,4110.5947
33.702083333333334,75.60208333333334,2817.353
33.702083333333334,75.70208333333333,3014.557
33.702083333333334,75.80208333333333,4520.53
33.702083333333334,75.90208333333334,3795.0452
33.702083333333334,76.00208333333333,5254.44
33.702083333333334,76.10208333333334,4849.7856
33.702083333333334,76.20208333333333,4307.056
33.702083333333334,76.30208333333333,5651.3613
33.702083333333334,76.40208333333334,4413.124
33.702083333333334,76.50208333333333,4418.572
33.702083333333334,76.60208333333334,4608.1694
33.702083333333334,76.70208333333333,5206.1245
33.702083333333334,76.80208333333333,4943.431
33.702083333333334,76.90208333333334,3541.553
33.702083333333334,77.00208333333333,4768.833
33.702083333333334,77.10208333333334,4827.52
33.702083333333334,77.20208333333333,5102.21
33.702083333333334,77.30208333333333,4134.4243
33.702083333333334,77.40208333333334,4963.115
33.702083333333334,77.50208333333333,5113.579
33.702083333333334,77.60208333333334,5832.864
33.702083333333334,77.70208333333333,4546.1274
33.702083333333334,77.80208333333333,4214.1787
33.702083333333334,77.90208333333334,4758.7075
33.702083333333334,78.00208333333333,4435.094
33.702083333333334,78.10208333333334,5676.871
33.702083333333334,78.20208333333333,5503.6953
33.702083333333334,78.30208333333333,5616.5396
33.702083333333334,78.40208333333334,5697.2334
33.702083333333334,78.50208333333333,5626.2134
33.702083333333334,78.60208333333334,5023.718
33.702083333333334,78.70208333333333,4244.0
33.702083333333334,78.80208333333333,4244.0
33.702083333333334,78.90208333333334,4310.997
33.702083333333334,79.00208333333333,4874.8267
33.702083333333334,79.10208333333333,5183.7886
33.702083333333334,79.20208333333333,4632.4595
33.702083333333334,79.30208333333333,4371.816
33.702083333333334,79.40208333333334,4255.427
33.702083333333334,79.50208333333333,4614.267
33.702083333333334,79.60208333333333,4244.652
33.802083333333336,75.40208333333334,3046.0173
33.802083333333336,75.50208333333333,4133.7637
33.802083333333336,75.60208333333334,3407.704
33.802083333333336,75.70208333333333,3804.5356
33.802083333333336,75.80208333333333,4279.775
33.802083333333336,75.90208333333334,3175.2283
33.802083333333336,76.00208333333333,4839.064
33.802083333333336,76.10208333333334,5057.8887
33.802083333333336,76.20208333333333,5331.0845
33.802083333333336,76.30208333333333,5368.7383
33.802083333333336,76.40208333333334,5077.415
33.802083333333336,76.50208333333333,4594.3984
33.802083333333336,76.60208333333334,4981.7114
33.802083333333336,76.70208333333333,3934.2676
33.802083333333336,76.80208333333333,4102.5293
33.802083333333336,76.90208333333334,4230.6616
33.802083333333336,77.00208333333333,5223.9824
33.802083333333336,77.10208333333334,4790.36
33.802083333333336,77.20208333333333,4051.9675
33.802083333333336,77.30208333333333,5029.94
33.802083333333336,77.40208333333334,4380.4336
33.802083333333336,77.50208333333333,4703.8105
33.802083333333336,77.60208333333334,5120.3296
33.802083333333336,77.70208333333333,4726.618
33.802083333333336,77.80208333333333,3775.119
33.802083333333336,77.90208333333334,3817.0034
33.802083333333336,78.00208333333333,5257.727
33.802083333333336,78.10208333333334,5600.2715
33.802083333333336,78.20208333333333,5952.9165
33.802083333333336,78.30208333333333,5186.547
33.802083333333336,78.40208333333334,4768.098
33.802083333333336,78.50208333333333,5779.026
33.802083333333336,78.60208333333334,4246.265
33.802083333333336,78.70208333333333,4556.6646
33.802083333333336,78.80208333333333,5347.3394
33.802083333333336,78.90208333333334,5676.4346
33.802083333333336,79.00208333333333,4650.4004
33.802083333333336,79.10208333333333,4859.134
33.802083333333336,79.20208333333333,4736.7812
33.802083333333336,79.30208333333333,4972.514
33.802083333333336,79.40208333333334,5066.388
33.802083333333336,79.50208333333333,4419.3813
33.802083333333336,79.60208333333333,4751.653
33.90208333333333,75.40208333333334,4020.1125
33.90208333333333,75.50208333333333,3033.16
33.90208333333333,75.60208333333334,3976.5654
33.90208333333333,75.70208333333333,3973.569
33.90208333333333,75.80208333333333,3561.4058
33.90208333333333,75.90208333333334,4660.3486
33.90208333333333,76.00208333333333,4475.3633
33.90208333333333,76.10208333333334,4627.4175
33.90208333333333,76.20208333333333,5032.351
33.90208333333333,76.30208333333333,4774.2124
33.90208333333333,76.40208333333334,5326.3105
33.90208333333333,76.50208333333333,5162.6475
33.90208333333333,76.60208333333334,4828.2456
33.90208333333333,76.70208333333333,4317.154
33.90208333333333,76.80208333333333,3957.6824
33.90208333333333,76.90208333333334,4249.901
33.90208333333333,77.00208333333333,3341.859
33.90208333333333,77.10208333333334,3697.7546
33.90208333333333,77.20208333333333,4114.998
33.90208333333333,77.30208333333333,5189.595
33.90208333333333,77.40208333333334,3963.5742
33.90208333333333,77.50208333333333,5052.5405
33.90208333333333,77.60208333333334,4858.2236
33.90208333333333,77.70208333333333,4163.3237
33.90208333333333,77.80208333333333,3678.716
33.90208333333333,77.90208333333334,4831.921
33.90208333333333,78.00208333333333,5275.0405
33.90208333333333,78.10208333333334,5883.0527
33.90208333333333,78.20208333333333,4818.1875
33.90208333333333,78.30208333333333,4959.365
33.90208333333333,78.40208333333334,5596.2207
33.90208333333333,78.50208333333333,4244.0
33.90208333333333,78.60208333333334,4496.666
33.90208333333333,78.70208333333333,5992.3755
33.90208333333333,78.80208333333333,5932.293
33.90208333333333,78.90208333333334,4627.094
33.90208333333333,79.00208333333333,5732.3564
33.90208333333333,79.10208333333333,5258.9775
33.90208333333333,79.20208333333333,4662.0034
33.90208333333333,79.30208333333333,5018.9985
33.90208333333333,79.40208333333334,5236.774
33.90208333333333,79.50208333333333,5163.627
33.90208333333333,79.60208333333333,5315.0947
34.00208333333333,75.40208333333334,4489.566
34.00208333333333,75.50208333333333,3560.2827
34.00208333333333,75.60208333333334,4462.001
34.00208333333333,75.70208333333333,3496.5918
34.00208333333333,75.80208333333333,4013.6833
34.00208333333333,75.90208333333334,5030.423
34.00208333333333,76.00208333333333,5434.0938
34.00208333333333,76.10208333333334,5340.3237
34.00208333333333,76.20208333333333,5308.5635
34.00208333333333,76.30208333333333,5580.6006
34.00208333333333,76.40208333333334,4101.0566
34.00208333333333,76.50208333333333,5655.6675
34.00208333333333,76.60208333333334,4477.418
34.00208333333333,76.70208333333333,5487.103
34.00208333333333,76.80208333333333,5614.379
34.00208333333333,76.90208333333334,4797.6943
34.00208333333333,77.00208333333333,4512.3794
34.00208333333333,77.10208333333334,4295.6743
34.00208333333333,77.20208333333333,3334.5208
34.00208333333333,77.30208333333333,4639.3037
34.00208333333333,77.40208333333334,5319.5938
34.00208333333333,77.50208333333333,4466.799
34.00208333333333,77.60208333333334,4022.2473
34.00208333333333,77.70208333333333,3296.508
34.00208333333333,77.80208333333333,4027.5532
34.00208333333333,77.90208333333334,4997.435
34.00208333333333,78.00208333333333,5371.0034
34.00208333333333,78.10208333333334,4638.8667
34.00208333333333,78.20208333333333,4818.0474
34.00208333333333,78.30208333333333,4487.323
34.00208333333333,78.40208333333334,4352.272
34.00208333333333,78.50208333333333,4778.8867
34.00208333333333,78.60208333333334,4780.417
34.00208333333333,78.70208333333333,5262.731
34.00208333333333,78.80208333333333,5807.6274
34.00208333333333,78.90208333333334,4602.475
34.00208333333333,79.00208333333333,5242.374
34.00208333333333,79.10208333333333,5740.547
34.00208333333333,79.20208333333333,5104.6665
34.00208333333333,79.30208333333333,5436.498
34.00208333333333,79.40208333333334,6153.133
34.00208333333333,79.50208333333333,5519.7754
34.00208333333333,79.60208333333333,5697.91
34.10208333333333,75.40208333333334,3733.6006
34.10208333333333,75.50208333333333,3847.3567
34.10208333333333,75.60208333333334,4185.7656
34.10208333333333,75.70208333333333,5079.236
34.10208333333333,75.80208333333333,5200.686
34.10208333333333,75.90208333333334,4118.5977
34.10208333333333,76.00208333333333,4083.9182
34.10208333333333,76.10208333333334,4680.0835
34.10208333333333,76.20208333333333,5002.2114
34.10208333333333,76.30208333333333,4581.818
34.10208333333333,76.40208333333334,5009.7056
34.10208333333333,76.50208333333333,4663.344
34.10208333333333,76.60208333333334,4756.315
34.10208333333333,76.70208333333333,5339.5933
34.10208333333333,76.80208333333333,5022.378
34.10208333333333,76.90208333333334,3959.256
34.10208333333333,77.00208333333333,5362.7397
34.10208333333333,77.10208333333334,4161.589
34.10208333333333,77.20208333333333,3461.1804
34.10208333333333,77.30208333333333,4378.49
34.10208333333333,77.40208333333334,3690.3596
34.10208333333333,77.50208333333333,3445.5518
34.10208333333333,77.60208333333334,3249.3306
34.10208333333333,77.70208333333333,3754.3052
34.10208333333333,77.80208333333333,4953.8774
34.10208333333333,77.90208333333334,5673.4663
34.10208333333333,78.00208333333333,4740.833
34.10208333333333,78.10208333333334,4056.7817
34.10208333333333,78.20208333333333,4651.4185
34.10208333333333,78.30208333333333,6085.2183
34.10208333333333,78.40208333333334,5504.8784
34.10208333333333,78.50208333333333,5082.063
34.10208333333333,78.60208333333334,5501.06
34.10208333333333,78.70208333333333,5904.8486
34.10208333333333,78.80208333333333,5603.735
34.10208333333333,78.90208333333334,5048.8374
34.10208333333333,79.00208333333333,5315.9077
34.10208333333333,79.10208333333333,5292.7007
34.10208333333333,79.20208333333333,5413.5693
34.10208333333333,79.30208333333333,5192.0776
34.10208333333333,79.40208333333334,5759.3994
34.10208333333333,79.50208333333333,5444.279
34.10208333333333,79.60208333333333,5177.449
34.202083333333334,75.40208333333334,3332.0498
34.202083333333334,75.50208333333333,4358.164
34.202083333333334,75.60208333333334,4614.8774
34.202083333333334,75.70208333333333,4948.5605
34.202083333333334,75.80208333333333,4100.1143
34.202083333333334,75.90208333333334,4040.8867
34.202083333333334,76.00208333333333,4133.9185
34.202083333333334,76.10208333333334,4100.484
34.202083333333334,76.20208333333333,3807.8958
34.202083333333334,76.30208333333333,4482.8535
34.202083333333334,76.40208333333334,4761.179
34.202083333333334,76.50208333333333,4416.6353
34.202083333333334,76.60208333333334,4421.3936
34.202083333333334,76.70208333333333,4077.5193
34.202083333333334,76.80208333333333,4391.1675
34.202083333333334,76.90208333333334,3687.9033
34.202083333333334,77.00208333333333,4636.7246
34.202083333333334,77.10208333333334,4565.0703
34.202083333333334,77.20208333333333,3453.4805
34.202083333333334,77.30208333333333,3150.3374
34.202083333333334,77.40208333333334,3891.7627
34.202083333333334,77.50208333333333,3824.3298
34.202083333333334,77.60208333333334,3816.9006
34.202083333333334,77.70208333333333,5244.934
34.202083333333334,77.80208333333333,4594.596
34.202083333333334,77.90208333333334,5719.7866
34.202083333333334,78.00208333333333,5876.1333
34.202083333333334,78.10208333333334,4828.565
34.202083333333334,78.20208333333333,5663.277
34.202083333333334,78.30208333333333,5586.9585
34.202083333333334,78.40208333333334,5375.044
34.202083333333334,78.50208333333333,5515.994
34.202083333333334,78.60208333333334,5696.3506
34.202083333333334,78.70208333333333,5514.913
34.202083333333334,78.80208333333333,5637.1763
34.202083333333334,78.90208333333334,5739.5
34.202083333333334,79.00208333333333,5908.933
34.202083333333334,79.10208333333333,5346.548
34.202083333333334,79.20208333333333,5394.8145
34.202083333333334,79.30208333333333,5420.6313
34.202083333333334,79.40208333333334,5599.357
34.202083333333334,79.50208333333333,5813.296
34.202083333333334,79.60208333333333,5565.212
34.302083333333336,75.40208333333334,4667.7324
34.302083333333336,75.50208333333333,3505.8452
34.302083333333336,75.60208333333334,4587.8467
34.302083333333336,75.70208333333333,4625.8184
34.302083333333336,75.80208333333333,5007.219
34.302083333333336,75.90208333333334,3491.3828
34.302083333333336,76.00208333333333,3990.0737
34.302083333333336,76.10208333333334,4835.428
34.302083333333336,76.20208333333333,4734.584
34.302083333333336,76.30208333333333,3840.5059
34.302083333333336,76.40208333333334,4158.1074
34.302083333333336,76.50208333333333,4360.024
34.302083333333336,76.60208333333334,3773.3013
34.302083333333336,76.70208333333333,4114.5366
34.302083333333336,76.80208333333333,3654.5605
34.302083333333336,76.90208333333334,3466.2078
34.302083333333336,77.00208333333333,3208.57
34.302083333333336,77.10208333333334,4000.2395
34.302083333333336,77.20208333333333,4098.735
34.302083333333336,77.30208333333333,4137.396
34.302083333333336,77.40208333333334,4848.601
34.302083333333336,77.50208333333333,5361.6147
34.302083333333336,77.60208333333334,5256.057
34.302083333333336,77.70208333333333,5446.466
34.302083333333336,77.80208333333333,4265.6084
34.302083333333336,77.90208333333334,3909.6165
34.302083333333336,78.00208333333333,3985.0808
34.302083333333336,78.10208333333334,5404.823
34.302083333333336,78.20208333333333,6161.2505
34.302083333333336,78.30208333333333,4014.467
34.302083333333336,78.40208333333334,4780.674
34.302083333333336,78.50208333333333,4889.547
34.302083333333336,78.60208333333334,5576.6733
34.302083333333336,78.70208333333333,5442.9785
34.302083333333336,78.80208333333333,5114.7393
34.302083333333336,78.90208333333334,4727.362
34.302083333333336,79.00208333333333,4824.302
34.302083333333336,79.10208333333333,5064.8994
34.302083333333336,79.20208333333333,5414.01
34.302083333333336,79.30208333333333,5201.063
34.302083333333336,79.40208333333334,5515.9575
34.302083333333336,79.50208333333333,5613.374
34.302083333333336,79.60208333333333,6300.3135
34.40208333333334,75.40208333333334,4149.2314
34.40208333333334,75.50208333333333,4164.193
34.40208333333334,75.60208333333334,3286.427
34.40208333333334,75.70208333333333,3540.7122
34.40208333333334,75.80208333333333,4030.7246
34.40208333333334,75.90208333333334,3769.1353
34.40208333333334,76.00208333333333,2895.7139
34.40208333333334,76.10208333333334,3583.8196
34.40208333333334,76.20208333333333,4581.3135
34.40208333333334,76.30208333333333,3247.3945
34.40208333333334,76.40208333333334,3709.8684
34.40208333333334,76.50208333333333,3847.3516
34.40208333333334,76.60208333333334,5047.7695
34.40208333333334,76.70208333333333,3844.712
34.40208333333334,76.80208333333333,3845.557
34.40208333333334,76.90208333333334,4331.2515
34.40208333333334,77.00208333333333,4321.126
34.40208333333334,77.10208333333334,5074.812
34.40208333333334,77.20208333333333,5336.9277
34.40208333333334,77.30208333333333,5001.6934
34.40208333333334,77.40208333333334,4836.792
34.40208333333334,77.50208333333333,5608.9463
34.40208333333334,77.60208333333334,5669.221
34.40208333333334,77.70208333333333,4487.814
34.40208333333334,77.80208333333333,3825.523
34.40208333333334,77.90208333333334,5748.4526
34.40208333333334,78.00208333333333,5591.04
34.40208333333334,78.10208333333334,5434.8325
34.40208333333334,78.20208333333333,5282.288
34.40208333333334,78.30208333333333,4675.006
34.40208333333334,78.40208333333334,5823.6543
34.40208333333334,78.50208333333333,5937.1216
34.40208333333334,78.60208333333334,5623.802
34.40208333333334,78.70208333333333,5528.096
34.40208333333334,78.80208333333333,4841.279
34.40208333333334,78.90208333333334,4907.26
34.40208333333334,79.00208333333333,5815.381
34.40208333333334,79.10208333333333,5822.163
34.40208333333334,79.20208333333333,5518.1597
34.40208333333334,79.30208333333333,5537.952
34.40208333333334,79.40208333333334,5570.811
34.40208333333334,79.50208333333333,5496.2026
34.40208333333334,79.60208333333333,5430.259
34.50208333333333,75.40208333333334,4795.2407
34.50208333333333,75.50208333333333,4142.3813
34.50208333333333,75.60208333333334,4720.53
34.50208333333333,75.70208333333333,4381.169
34.50208333333333,75.80208333333333,4703.328
34.50208333333333,75.90208333333334,3852.004
34.50208333333333,76.00208333333333,4185.456
34.50208333333333,76.10208333333334,3333.5757
34.50208333333333,76.20208333333333,2905.0483
34.50208333333333,76.30208333333333,3501.2632
34.50208333333333,76.40208333333334,3719.7844
34.50208333333333,76.50208333333333,3470.284
34.50208333333333,76.60208333333334,3283.441
34.50208333333333,76.70208333333333,3769.1619
34.50208333333333,76.80208333333333,4938.8057
34.50208333333333,76.90208333333334,4987.517
34.50208333333333,77.00208333333333,5297.476
34.50208333333333,77.10208333333334,5069.093
34.50208333333333,77.20208333333333,4887.38
34.50208333333333,77.30208333333333,5334.1904
34.50208333333333,77.40208333333334,4167.6343
34.50208333333333,77.50208333333333,4712.1064
34.50208333333333,77.60208333333334,4852.716
34.50208333333333,77.70208333333333,3492.5437
34.50208333333333,77.80208333333333,4741.621
34.50208333333333,77.90208333333334,5568.1636
34.50208333333333,78.00208333333333,5370.6978
34.50208333333333,78.10208333333334,5508.771
34.50208333333333,78.20208333333333,4923.947
34.50208333333333,78.30208333333333,6143.351
34.50208333333333,78.40208333333334,5878.293
34.50208333333333,78.50208333333333,5523.6396
34.50208333333333,78.60208333333334,6029.9243
34.50208333333333,78.70208333333333,5392.0337
34.50208333333333,78.80208333333333,5373.2056
34.50208333333333,78.90208333333334,5442.186
34.50208333333333,79.00208333333333,5443.1206
34.50208333333333,79.10208333333333,5739.6626
34.50208333333333,79.20208333333333,5547.725
34.50208333333333,79.30208333333333,5622.735
34.50208333333333,79.40208333333334,5528.522
34.50208333333333,79.50208333333333,5637.2437
34.50208333333333,79.60208333333333,5629.6143
34.60208333333333,75.40208333333334,4603.222
34.60208333333333,75.50208333333333,4271.075
34.60208333333333,75.60208333333334,4338.9175
34.60208333333333,75.70208333333333,4379.0483
34.60208333333333,75.80208333333333,3633.9348
34.60208333333333,75.90208333333334,4062.632
34.60208333333333,76.00208333333333,3079.0847
34.60208333333333,76.10208333333334,2685.3792
34.60208333333333,76.20208333333333,4122.0547
34.60208333333333,76.30208333333333,3607.1138
34.60208333333333,76.40208333333334,3749.3262
34.60208333333333,76.50208333333333,2873.7263
34.60208333333333,76.60208333333334,4345.687
34.60208333333333,76.70208333333333,5025.918
34.60208333333333,76.80208333333333,5367.809
34.60208333333333,76.90208333333334,5398.514
34.60208333333333,77.00208333333333,5358.397
34.60208333333333,77.10208333333334,4954.954
34.60208333333333,77.20208333333333,5334.6445
34.60208333333333,77.30208333333333,4721.477
34.60208333333333,77.40208333333334,4797.943
34.60208333333333,77.50208333333333,3082.6687
34.60208333333333,77.60208333333334,3104.1775
34.60208333333333,77.70208333333333,5383.6123
34.60208333333333,77.80208333333333,4904.556
34.60208333333333,77.90208333333334,6349.5728
34.60208333333333,78.00208333333333,5614.153
34.60208333333333,78.10208333333334,5813.4136
34.60208333333333,78.20208333333333,4062.2417
34.60208333333333,78.30208333333333,5845.412
34.60208333333333,78.40208333333334,5796.4297
34.60208333333333,78.50208333333333,5949.913
34.60208333333333,78.60208333333334,5125.8247
34.60208333333333,78.70208333333333,5587.4
34.60208333333333,78.80208333333333,5575.3423
34.60208333333333,78.90208333333334,5696.781
34.60208333333333,79.00208333333333,5673.4585
34.60208333333333,79.10208333333333,5732.68
34.60208333333333,79.20208333333333,5514.673
34.60208333333333,79.30208333333333,5341.313
34.60208333333333,79.40208333333334,5329.9424
34.60208333333333,79.50208333333333,5450.571
34.60208333333333,79.60208333333333,5360.877
34.702083333333334,75.40208333333334,4291.917
34.702083333333334,75.50208333333333,4045.9575
34.702083333333334,75.60208333333334,4260.515
34.702083333333334,75.70208333333333,4738.5166
34.702083333333334,75.80208333333333,4440.025
34.702083333333334,75.90208333333334,4219.9004
34.702083333333334,76.00208333333333,4330.304
34.702083333333334,76.10208333333334,3517.1548
34.702083333333334,76.20208333333333,4139.3457
34.702083333333334,76.30208333333333,3922.2468
34.702083333333334,76.40208333333334,4725.843
34.702083333333334,76.50208333333333,4008.5442
34.702083333333334,76.60208333333334,4994.6426
34.702083333333334,76.70208333333333,4970.46
34.702083333333334,76.80208333333333,4977.936
34.702083333333334,76.90208333333334,4435.3057
34.702083333333334,77.00208333333333,5397.5312
34.702083333333334,77.10208333333334,4796.123
34.702083333333334,77.20208333333333,4071.741
34.702083333333334,77.30208333333333,3622.3088
34.702083333333334,77.40208333333334,4465.007
34.702083333333334,77.50208333333333,4548.093
34.702083333333334,77.60208333333334,4196.6094
34.702083333333334,77.70208333333333,5051.405
34.702083333333334,77.80208333333333,6029.8413
34.702083333333334,77.90208333333334,5519.2515
34.702083333333334,78.00208333333333,4946.762
34.702083333333334,78.10208333333334,5050.7607
34.702083333333334,78.20208333333333,5311.1445
34.702083333333334,78.30208333333333,5233.8813
34.702083333333334,78.40208333333334,4616.517
34.702083333333334,78.50208333333333,5400.437
34.702083333333334,78.60208333333334,5665.3057
34.702083333333334,78.70208333333333,5690.5615
34.702083333333334,78.80208333333333,5642.2437
34.702083333333334,78.90208333333334,5484.1143
34.702083333333334,79.00208333333333,5434.0195
34.702083333333334,79.10208333333333,5350.805
34.702083333333334,79.20208333333333,5350.083
34.702083333333334,79.30208333333333,5245.2236
34.702083333333334,79.40208333333334,5258.585
34.702083333333334,79.50208333333333,5244.5923
34.702083333333334,79.60208333333333,5201.832
34.802083333333336,75.40208333333334,4744.9966
34.802083333333336,75.50208333333333,4603.3525
34.802083333333336,75.60208333333334,4445.9087
34.802083333333336,75.70208333333333,4002.3442
34.802083333333336,75.80208333333333,4752.632
34.802083333333336,75.90208333333334,4498.0693
34.802083333333336,76.00208333333333,4826.942
34.802083333333336,76.10208333333334,3873.4934
34.802083333333336,76.20208333333333,2572.241
34.802083333333336,76.30208333333333,4732.724
34.802083333333336,76.40208333333334,5199.3564
34.802083333333336,76.50208333333333,4940.1733
34.802083333333336,76.60208333333334,4648.021
34.802083333333336,76.70208333333333,5099.0386
34.802083333333336,76.80208333333333,3870.011
34.802083333333336,76.90208333333334,3906.3994
34.802083333333336,77.00208333333333,3270.8257
34.802083333333336,77.10208333333334,3194.003
34.802083333333336,77.20208333333333,4149.4214
34.802083333333336,77.30208333333333,5271.1035
34.802083333333336,77.40208333333334,5251.754
34.802083333333336,77.50208333333333,3322.3455
34.802083333333336,77.60208333333334,4920.478
34.802083333333336,77.70208333333333,5908.6406
34.802083333333336,77.80208333333333,6944.5103
34.802083333333336,77.90208333333334,6044.746
34.802083333333336,78.00208333333333,5142.043
34.802083333333336,78.10208333333334,5288.4683
34.802083333333336,78.20208333333333,5444.0566
34.802083333333336,78.30208333333333,5155.651
34.802083333333336,78.40208333333334,5596.417
34.802083333333336,78.50208333333333,5621.7407
34.802083333333336,78.60208333333334,5436.9795
34.802083333333336,78.70208333333333,5511.0767
34.802083333333336,78.80208333333333,5462.829
34.802083333333336,78.90208333333334,5576.234
34.802083333333336,79.00208333333333,5270.6777
34.802083333333336,79.10208333333333,5248.8745
34.802083333333336,79.20208333333333,5225.6704
34.802083333333336,79.30208333333333,5219.6333
34.802083333333336,79.40208333333334,5228.328
34.802083333333336,79.50208333333333,5256.301
34.802083333333336,79.60208333333333,5291.932
34.90208333333334,75.40208333333334,3919.3418
34.90208333333334,75.50208333333333,4320.18
34.90208333333334,75.60208333333334,4655.848
34.90208333333334,75.70208333333333,4563.859
34.90208333333334,75.80208333333333,5072.7666
34.90208333333334,75.90208333333334,5054.848
34.90208333333334,76.00208333333333,4938.933
34.90208333333334,76.10208333333334,4076.8516
34.90208333333334,76.20208333333333,2573.257
34.90208333333334,76.30208333333333,4567.589
34.90208333333334,76.40208333333334,5001.0693
34.90208333333334,76.50208333333333,5161.851
34.90208333333334,76.60208333333334,4133.4253
34.90208333333334,76.70208333333333,3310.7795
34.90208333333334,76.80208333333333,3131.1462
34.90208333333334,76.90208333333334,5246.385
34.90208333333334,77.00208333333333,4779.8516
34.90208333333334,77.10208333333334,4868.452
34.90208333333334,77.20208333333333,4072.3296
34.90208333333334,77.30208333333333,5640.1724
34.90208333333334,77.40208333333334,5240.8545
34.90208333333334,77.50208333333333,3683.5513
34.90208333333334,77.60208333333334,5440.923
34.90208333333334,77.70208333333333,6067.6533
34.90208333333334,77.80208333333333,5902.1514
34.90208333333334,77.90208333333334,5800.9463
34.90208333333334,78.00208333333333,4899.9214
34.90208333333334,78.10208333333334,4406.921
34.90208333333334,78.20208333333333,6377.2856
34.90208333333334,78.30208333333333,5385.875
34.90208333333334,78.40208333333334,5583.8516
34.90208333333334,78.50208333333333,5783.822
34.90208333333334,78.60208333333334,5708.8926
34.90208333333334,78.70208333333333,5444.325
34.90208333333334,78.80208333333333,5437.079
34.90208333333334,78.90208333333334,5469.9
34.90208333333334,79.00208333333333,5313.726
34.90208333333334,79.10208333333333,5295.2085
34.90208333333334,79.20208333333333,5250.1226
34.90208333333334,79.30208333333333,5212.8003
34.90208333333334,79.40208333333334,5244.7476
34.90208333333334,79.50208333333333,5347.8096
34.90208333333334,79.60208333333333,5187.258
35.00208333333333,75.40208333333334,3867.3154
35.00208333333333,75.50208333333333,4226.727
35.00208333333333,75.60208333333334,4413.0586
35.00208333333333,75.70208333333333,4640.466
35.00208333333333,75.80208333333333,5043.2603
35.00208333333333,75.90208333333334,3470.5986
35.00208333333333,76.00208333333333,4278.165
35.00208333333333,76.10208333333334,3055.1797
35.00208333333333,76.20208333333333,3477.447
35.00208333333333,76.30208333333333,4902.2896
35.00208333333333,76.40208333333334,4996.163
35.00208333333333,76.50208333333333,3543.0144
35.00208333333333,76.60208333333334,4555.098
35.00208333333333,76.70208333333333,4581.0693
35.00208333333333,76.80208333333333,3905.7488
35.00208333333333,76.90208333333334,4907.9463
35.00208333333333,77.00208333333333,5485.24
35.00208333333333,77.10208333333334,5089.6816
35.00208333333333,77.20208333333333,5251.346
35.00208333333333,77.30208333333333,5609.956
35.00208333333333,77.40208333333334,4239.8765
35.00208333333333,77.50208333333333,5569.32
35.00208333333333,77.60208333333334,5488.414
35.00208333333333,77.70208333333333,5957.4272
35.00208333333333,77.80208333333333,5752.029
35.00208333333333,77.90208333333334,5385.7495
35.00208333333333,78.00208333333333,4509.049
35.00208333333333,78.10208333333334,5788.6777
35.00208333333333,78.20208333333333,5314.5044
35.00208333333333,78.30208333333333,5435.734
35.00208333333333,78.40208333333334,5580.888
35.00208333333333,78.50208333333333,5710.419
35.00208333333333,78.60208333333334,5354.1426
35.00208333333333,78.70208333333333,5675.411
35.00208333333333,78.80208333333333,5645.119
35.00208333333333,78.90208333333334,5883.815
35.00208333333333,79.00208333333333,5581.1826
35.00208333333333,79.10208333333333,5406.077
35.00208333333333,79.20208333333333,5334.5273
35.00208333333333,79.30208333333333,5304.314
35.00208333333333,79.40208333333334,5160.2715
35.00208333333333,79.50208333333333,5071.2974
35.00208333333333,79.60208333333333,5290.3677
35.10208333333333,75.40208333333334,4171.0566
35.10208333333333,75.50208333333333,4158.5605
35.10208333333333,75.60208333333334,4069.361
35.10208333333333,75.70208333333333,4619.5425
35.10208333333333,75.80208333333333,4088.7646
35.10208333333333,75.90208333333334,3880.574
35.10208333333333,76.00208333333333,2730.1252
35.10208333333333,76.10208333333334,4363.3228
35.10208333333333,76.20208333333333,4616.467
35.10208333333333,76.30208333333333,4478.8994
35.10208333333333,76.40208333333334,3852.3774
35.10208333333333,76.50208333333333,3905.107
35.10208333333333,76.60208333333334,4858.4985
35.10208333333333,76.70208333333333,4474.9185
35.10208333333333,76.80208333333333,4994.206
35.10208333333333,76.90208333333334,4749.342
35.10208333333333,77.00208333333333,5246.3203
35.10208333333333,77.10208333333334,5206.113
35.10208333333333,77.20208333333333,5127.43
35.10208333333333,77.30208333333333,3893.6907
35.10208333333333,77.40208333333334,5375.816
35.10208333333333,77.50208333333333,5848.32
35.10208333333333,77.60208333333334,5681.7256
35.10208333333333,77.70208333333333,5186.6963
35.10208333333333,77.80208333333333,5390.0405
35.10208333333333,77.90208333333334,5749.2075
35.10208333333333,78.00208333333333,5555.7456
35.10208333333333,78.10208333333334,5631.6143
35.10208333333333,78.20208333333333,5486.1055
35.10208333333333,78.30208333333333,6317.738
35.10208333333333,78.40208333333334,5616.459
35.10208333333333,78.50208333333333,6107.8037
35.10208333333333,78.60208333333334,5399.8623
35.10208333333333,78.70208333333333,5325.427
35.10208333333333,78.80208333333333,5395.2144
35.10208333333333,78.90208333333334,5994.9624
35.10208333333333,79.00208333333333,5573.7637
35.10208333333333,79.10208333333333,5337.2144
35.10208333333333,79.20208333333333,5155.705
35.10208333333333,79.30208333333333,5155.9995
35.10208333333333,79.40208333333334,5434.574
35.10208333333333,79.50208333333333,4982.5737
35.10208333333333,79.60208333333333,4913.136
35.202083333333334,75.40208333333334,4626.631
35.202083333333334,75.50208333333333,4726.8
35.202083333333334,75.60208333333334,3220.4114
35.202083333333334,75.70208333333333,4786.529
35.202083333333334,75.80208333333333,3880.9595
35.202083333333334,75.90208333333334,2387.244
35.202083333333334,76.00208333333333,2343.717
35.202083333333334,76.10208333333334,3208.5754
35.202083333333334,76.20208333333333,2951.7744
35.202083333333334,76.30208333333333,2715.5588
35.202083333333334,76.40208333333334,2506.276
35.202083333333334,76.50208333333333,2694.751
35.202083333333334,76.60208333333334,2781.0198
35.202083333333334,76.70208333333333,5465.5903
35.202083333333334,76.80208333333333,4609.4478
35.202083333333334,76.90208333333334,5625.531
35.202083333333334,77.00208333333333,6101.2275
35.202083333333334,77.10208333333334,5208.052
35.202083333333334,77.20208333333333,3609.2158
35.202083333333334,77.30208333333333,5662.8374
35.202083333333334,77.40208333333334,4928.3525
35.202083333333334,77.50208333333333,6148.7944
35.202083333333334,77.60208333333334,5666.6846
35.202083333333334,77.70208333333333,5418.2036
35.202083333333334,77.80208333333333,5783.9067
35.202083333333334,77.90208333333334,5327.566
35.202083333333334,78.00208333333333,5226.293
35.202083333333334,78.10208333333334,5409.156
35.202083333333334,78.20208333333333,5446.285
35.202083333333334,78.30208333333333,5811.054
35.202083333333334,78.40208333333334,5915.754
35.202083333333334,78.50208333333333,5838.2983
35.202083333333334,78.60208333333334,5724.693
35.202083333333334,78.70208333333333,5604.869
35.202083333333334,78.80208333333333,5745.181
35.202083333333334,78.90208333333334,5891.0967
35.202083333333334,79.00208333333333,5431.3003
35.202083333333334,79.10208333333333,5256.0107
35.202083333333334,79.20208333333333,5089.6206
35.202083333333334,79.30208333333333,5489.535
35.202083333333334,79.40208333333334,5009.082
35.202083333333334,79.50208333333333,4918.952
35.202083333333334,79.60208333333333,4874.9487
35.302083333333336,75.40208333333334,3725.0679
35.302083333333336,75.50208333333333,2762.5193
35.302083333333336,75.60208333333334,2231.3354
35.302083333333336,75.70208333333333,2262.6672
35.302083333333336,75.80208333333333,3233.6748
35.302083333333336,75.90208333333334,3579.0234
35.302083333333336,76.00208333333333,4469.0005
35.302083333333336,76.10208333333334,4593.0977
35.302083333333336,76.20208333333333,3612.0703
35.302083333333336,76.30208333333333,4950.736
35.302083333333336,76.40208333333334,3528.3438
35.302083333333336,76.50208333333333,4711.281
35.302083333333336,76.60208333333334,4544.7437
35.302083333333336,76.70208333333333,3558.535
35.302083333333336,76.80208333333333,5640.2607
35.302083333333336,76.90208333333334,4462.7925
35.302083333333336,77.00208333333333,5998.702
35.302083333333336,77.10208333333334,5564.8584
35.302083333333336,77.20208333333333,4231.8755
35.302083333333336,77.30208333333333,4853.026
35.302083333333336,77.40208333333334,5911.4097
35.302083333333336,77.50208333333333,5391.914
35.302083333333336,77.60208333333334,5621.988
35.302083333333336,77.70208333333333,4841.928
35.302083333333336,77.80208333333333,5132.749
35.302083333333336,77.90208333333334,5448.504
35.302083333333336,78.00208333333333,5303.269
35.302083333333336,78.10208333333334,5152.157
35.302083333333336,78.20208333333333,5207.728
35.302083333333336,78.30208333333333,5262.952
35.302083333333336,78.40208333333334,5313.89
35.302083333333336,78.50208333333333,5420.981
35.302083333333336,78.60208333333334,5213.1387
35.302083333333336,78.70208333333333,5141.579
35.302083333333336,78.80208333333333,5058.35
35.302083333333336,78.90208333333334,5336.3076
35.302083333333336,79.00208333333333,5287.4517
35.302083333333336,79.10208333333333,5260.506
35.302083333333336,79.20208333333333,5042.365
35.302083333333336,79.30208333333333,5564.04
35.302083333333336,79.40208333333334,5007.5557
35.302083333333336,79.50208333333333,4849.7065
35.302083333333336,79.60208333333333,5130.3086
35.40208333333334,75.40208333333334,2618.3042
35.40208333333334,75.50208333333333,2179.166
35.40208333333334,75.60208333333334,3723.6013
35.40208333333334,75.70208333333333,2745.9429
35.40208333333334,75.80208333333333,4375.856
35.40208333333334,75.90208333333334,4748.6055
35.40208333333334,76.00208333333333,4939.1514
35.40208333333334,76.10208333333334,3578.965
35.40208333333334,76.20208333333333,5306.862
35.40208333333334,76.30208333333333,3853.7163
35.40208333333334,76.40208333333334,4174.151
35.40208333333334,76.50208333333333,5101.898
35.40208333333334,76.60208333333334,4774.7954
35.40208333333334,76.70208333333333,5324.7583
35.40208333333334,76.80208333333333,5737.2036
35.40208333333334,76.90208333333334,5564.4546
35.40208333333334,77.00208333333333,6030.02
35.40208333333334,77.10208333333334,4621.4595
35.40208333333334,77.20208333333333,5600.2896
35.40208333333334,77.30208333333333,6644.873
35.40208333333334,77.40208333333334,5936.158
35.40208333333334,77.50208333333333,5930.5503
35.40208333333334,77.60208333333334,5128.415
35.40208333333334,77.70208333333333,5376.6313
35.40208333333334,77.80208333333333,5121.213
35.40208333333334,77.90208333333334,5332.0176
35.40208333333334,78.00208333333333,5375.3374
35.40208333333334,78.10208333333334,5426.7515
35.40208333333334,78.20208333333333,5189.6313
35.40208333333334,78.30208333333333,5183.0713
35.40208333333334,78.40208333333334,5315.0723
35.40208333333334,78.50208333333333,5675.4414
35.40208333333334,78.60208333333334,5641.0874
35.40208333333334,78.70208333333333,5243.0737
35.40208333333334,78.80208333333333,4954.1426
35.40208333333334,78.90208333333334,5366.2173
35.40208333333334,79.00208333333333,4976.311
35.40208333333334,79.10208333333333,5096.93
35.40208333333334,79.20208333333333,5044.2437
35.40208333333334,79.30208333333333,4916.7925
35.40208333333334,79.40208333333334,4888.5806
35.40208333333334,79.50208333333333,4845.246
35.40208333333334,79.60208333333333,4834.2134
35.50208333333333,75.40208333333334,4036.4216
35.50208333333333,75.50208333333333,4780.612
35.50208333333333,75.60208333333334,2461.4697
35.50208333333333,75.70208333333333,3057.5964
35.50208333333333,75.80208333333333,4059.9238
35.50208333333333,75.90208333333334,3878.0347
35.50208333333333,76.00208333333333,4979.495
35.50208333333333,76.10208333333334,4664.915
35.50208333333333,76.20208333333333,5096.3125
35.50208333333333,76.30208333333333,4606.7515
35.50208333333333,76.40208333333334,4297.226
35.50208333333333,76.50208333333333,5116.855
35.50208333333333,76.60208333333334,5096.508
35.50208333333333,76.70208333333333,4306.346
35.50208333333333,76.80208333333333,5999.3677
35.50208333333333,76.90208333333334,5321.2925
35.50208333333333,77.00208333333333,4910.4307
35.50208333333333,77.10208333333334,5080.5547
35.50208333333333,77.20208333333333,5418.4893
35.50208333333333,77.30208333333333,6150.8574
35.50208333333333,77.40208333333334,5689.434
35.50208333333333,77.50208333333333,5408.316
35.50208333333333,77.60208333333334,5432.6357
35.50208333333333,77.70208333333333,5498.5015
35.50208333333333,77.80208333333333,5552.0273
35.50208333333333,77.90208333333334,5816.502
35.50208333333333,78.00208333333333,5472.087
35.50208333333333,78.10208333333334,5429.844
35.50208333333333,78.20208333333333,5459.057
35.50208333333333,78.30208333333333,5404.628
35.50208333333333,78.40208333333334,5361.484
35.50208333333333,78.50208333333333,5510.972
35.50208333333333,78.60208333333334,5306.971
35.50208333333333,78.70208333333333,4803.8257
35.50208333333333,78.80208333333333,5204.4854
35.50208333333333,78.90208333333334,5099.493
35.50208333333333,79.00208333333333,4945.161
35.50208333333333,79.10208333333333,5589.8037
35.50208333333333,79.20208333333333,5103.5195
35.50208333333333,79.30208333333333,5026.863
35.50208333333333,79.40208333333334,4821.891
35.50208333333333,79.50208333333333,4825.7437
35.50208333333333,79.60208333333333,4805.8535
35.60208333333333,75.40208333333334,4335.7017
35.60208333333333,75.50208333333333,2948.9187
35.60208333333333,75.60208333333334,3473.4082
35.60208333333333,75.70208333333333,5210.2896
35.60208333333333,75.80208333333333,5032.7363
35.60208333333333,75.90208333333334,4823.385
35.60208333333333,76.00208333333333,4863.732
35.60208333333333,76.10208333333334,5013.123
35.60208333333333,76.20208333333333,5380.8853
35.60208333333333,76.30208333333333,5301.8
35.60208333333333,76.40208333333334,4589.417
35.60208333333333,76.50208333333333,5554.4893
35.60208333333333,76.60208333333334,6524.468
35.60208333333333,76.70208333333333,5082.9463
35.60208333333333,76.80208333333333,5643.2163
35.60208333333333,76.90208333333334,5452.7764
35.60208333333333,77.00208333333333,5791.4243
35.60208333333333,77.10208333333334,5417.712
35.60208333333333,77.20208333333333,5139.7686
35.60208333333333,77.30208333333333,5255.2104
35.60208333333333,77.40208333333334,5279.829
35.60208333333333,77.50208333333333,5856.9517
35.60208333333333,77.60208333333334,5361.909
35.60208333333333,77.70208333333333,5293.654
35.60208333333333,77.80208333333333,5499.129
35.60208333333333,77.90208333333334,5554.2217
35.60208333333333,78.00208333333333,5371.75
35.60208333333333,78.10208333333334,5529.4067
35.60208333333333,78.20208333333333,5741.8833
35.60208333333333,78.30208333333333,5798.506
35.60208333333333,78.40208333333334,5007.9316
35.60208333333333,78.50208333333333,5330.4434
35.60208333333333,78.60208333333334,5293.41
35.60208333333333,78.70208333333333,5626.1074
35.60208333333333,78.80208333333333,5843.7417
35.60208333333333,78.90208333333334,5932.657
35.60208333333333,79.00208333333333,5396.0137
35.60208333333333,79.10208333333333,5369.8965
35.60208333333333,79.20208333333333,4937.103
35.60208333333333,79.30208333333333,4778.9824
35.60208333333333,79.40208333333334,4771.5957
35.60208333333333,79.50208333333333,4932.5815
35.60208333333333,79.60208333333333,5289.381
35.702083333333334,75.40208333333334,2590.0566
35.702083333333334,75.50208333333333,2739.8418
35.702083333333334,75.60208333333334,2581.3247
35.702083333333334,75.70208333333333,3203.2314
35.702083333333334,75.80208333333333,3659.3145
35.702083333333334,75.90208333333334,3207.9592
35.702083333333334,76.00208333333333,4180.639
35.702083333333334,76.10208333333334,4888.498
35.702083333333334,76.20208333333333,3993.8909
35.702083333333334,76.30208333333333,5051.1523
35.702083333333334,76.40208333333334,5984.5635
35.702083333333334,76.50208333333333,5398.178
35.702083333333334,76.60208333333334,5554.84
35.702083333333334,76.70208333333333,6345.7573
35.702083333333334,76.80208333333333,4992.953
35.702083333333334,76.90208333333334,5941.669
35.702083333333334,77.00208333333333,4731.9697
35.702083333333334,77.10208333333334,5058.829
35.702083333333334,77.20208333333333,5619.297
35.702083333333334,77.30208333333333,5900.327
35.702083333333334,77.40208333333334,6258.958
35.702083333333334,77.50208333333333,5702.5317
35.702083333333334,77.60208333333334,5556.561
35.702083333333334,77.70208333333333,4894.575
35.702083333333334,77.80208333333333,5320.015
35.702083333333334,77.90208333333334,5008.842
35.702083333333334,78.00208333333333,5220.178
35.702083333333334,78.10208333333334,5330.0674
35.702083333333334,78.20208333333333,5334.9966
35.702083333333334,78.30208333333333,5664.213
35.702083333333334,78.40208333333334,5682.8853
35.702083333333334,78.50208333333333,5244.6543
35.702083333333334,78.60208333333334,4704.2944
35.702083333333334,78.70208333333333,5770.032
35.702083333333334,78.80208333333333,5829.211
35.702083333333334,78.90208333333334,6107.4907
35.702083333333334,79.00208333333333,4758.536
35.702083333333334,79.10208333333333,5271.1523
35.702083333333334,79.20208333333333,5204.3745
35.702083333333334,79.30208333333333,4970.4404
35.702083333333334,79.40208333333334,4981.9434
35.702083333333334,79.50208333333333,5518.7305
35.702083333333334,79.60208333333333,5372.024
35.802083333333336,75.40208333333334,2557.6704
35.802083333333336,75.50208333333333,4821.5483
35.802083333333336,75.60208333333334,3493.2412
35.802083333333336,75.70208333333333,5361.7505
35.802083333333336,75.80208333333333,3869.182
35.802083333333336,75.90208333333334,5363.1533
35.802083333333336,76.00208333333333,4510.5356
35.802083333333336,76.10208333333334,4839.998
35.802083333333336,76.20208333333333,4886.686
35.802083333333336,76.30208333333333,5720.1143
35.802083333333336,76.40208333333334,4815.9863
35.802083333333336,76.50208333333333,5283.582
35.802083333333336,76.60208333333334,6389.5977
35.802083333333336,76.70208333333333,4922.5254
35.802083333333336,76.80208333333333,4362.4336
35.802083333333336,76.90208333333334,5855.205
35.802083333333336,77.00208333333333,5627.9355
35.802083333333336,77.10208333333334,5817.1865
35.802083333333336,77.20208333333333,5548.506
35.802083333333336,77.30208333333333,5611.894
35.802083333333336,77.40208333333334,5774.743
35.802083333333336,77.50208333333333,5484.448
35.802083333333336,77.60208333333334,4912.7314
35.802083333333336,77.70208333333333,5119.1206
35.802083333333336,77.80208333333333,5331.12
35.802083333333336,77.90208333333334,5493.1113
35.802083333333336,78.00208333333333,4999.919
35.802083333333336,78.10208333333334,5054.057
35.802083333333336,78.20208333333333,5118.873
35.802083333333336,78.30208333333333,5119.1143
35.802083333333336,78.40208333333334,5081.9277
35.802083333333336,78.50208333333333,5101.024
35.802083333333336,78.60208333333334,5292.3574
35.802083333333336,78.70208333333333,4715.429
35.802083333333336,78.80208333333333,4709.89
35.802083333333336,78.90208333333334,5309.302
35.802083333333336,79.00208333333333,5183.875
35.802083333333336,79.10208333333333,5541.865
35.802083333333336,79.20208333333333,5847.893
35.802083333333336,79.30208333333333,5920.3486
35.802083333333336,79.40208333333334,4981.9595
35.802083333333336,79.50208333333333,5257.7114
35.802083333333336,79.60208333333333,5973.9062
35.90208333333334,75.40208333333334,3129.9507
35.90208333333334,75.50208333333333,5370.4834
35.90208333333334,75.60208333333334,5301.0986
35.90208333333334,75.70208333333333,4758.724
35.90208333333334,75.80208333333333,5024.18
35.90208333333334,75.90208333333334,5145.3984
35.90208333333334,76.00208333333333,4087.3035
35.90208333333334,76.10208333333334,5643.803
35.90208333333334,76.20208333333333,5995.3716
35.90208333333334,76.30208333333333,4692.4097
35.90208333333334,76.40208333333334,5806.676
35.90208333333334,76.50208333333333,5806.175
35.90208333333334,76.60208333333334,6490.3257
35.90208333333334,76.70208333333333,5032.9688
35.90208333333334,76.80208333333333,5764.4316
35.90208333333334,76.90208333333334,5896.167
35.90208333333334,77.00208333333333,6085.256
35.90208333333334,77.10208333333334,5552.575
35.90208333333334,77.20208333333333,5931.474
35.90208333333334,77.30208333333333,5456.352
35.90208333333334,77.40208333333334,5466.682
35.90208333333334,77.50208333333333,4788.697
35.90208333333334,77.60208333333334,4894.66
35.90208333333334,77.70208333333333,5279.5195
35.90208333333334,77.80208333333333,5083.118
35.90208333333334,77.90208333333334,5445.1226
35.90208333333334,78.00208333333333,4738.163
35.90208333333334,78.10208333333334,4837.136
35.90208333333334,78.20208333333333,4911.8096
35.90208333333334,78.30208333333333,5067.9224
35.90208333333334,78.40208333333334,5453.029
35.90208333333334,78.50208333333333,5278.924
35.90208333333334,78.60208333333334,4810.5596
35.90208333333334,78.70208333333333,4899.2197
35.90208333333334,78.80208333333333,4732.908
35.90208333333334,78.90208333333334,4987.147
35.90208333333334,79.00208333333333,5337.4565
35.90208333333334,79.10208333333333,4453.9863
35.90208333333334,79.20208333333333,4693.5713
35.90208333333334,79.30208333333333,4545.388
35.90208333333334,79.40208333333334,5542.9653
35.90208333333334,79.50208333333333,5621.423
35.90208333333334,79.60208333333333,5410.4365
